ID,First Name,Second Name,Account Number,Email,Phone,Active,Verified,Admin,Created
1,Meshack,Mwangi,5000,meshmwangi88@gmail.com,0115721877,Yes,No,No,2025-11-29 18:36
2,Meshack,Mwangi,5001,meshmwangi828@gmail.com,0115721877,Yes,No,No,2025-11-29 18:43
3,Mesh,Mwangi,5002,brayanne800@gmail.com,0728538660,Yes,No,No,2025-11-29 18:56
4,Spallis,Kinywero,5003,manchamthreads@gmail.com,0748092931,Yes,Yes,No,2025-11-29 19:34
5,Mesh-Dev,Kingz,5004,manchamthreds@gmail.com,0115721877,Yes,No,No,2025-11-29 19:37
6,Mesh-Dev,Kingz,5005,manchamthads@gmail.com,0115721877,Yes,No,No,2025-11-29 20:47
7,Mesh,Mpenda Haga,5006,baharihomeske@gmail.com,0115721877,Yes,No,No,2025-11-30 01:43
8,Mkuu,Mwangi,5007,manchmdeveloers@gmail.com,0115721877,Yes,No,No,2025-11-30 05:21
9,Training,Web,5008,manchamskools@gmail.com,0115721877,Yes,No,No,2025-12-12 06:23
10,Mesh,Mwangi,5009,tradewise010@gmail.com,0728538660,Yes,No,No,2025-12-17 07:12
11,System,Admin,500000,system@tradewise.com,N/A,Yes,No,Yes,2026-01-06 19:14
12,Alex,Chebet,500001,alex.chebet385@gmail.com,+25479889223,Yes,Yes,No,2026-03-02 19:51
13,Faith,Atieno,500002,faith.atieno592@gmail.com,+25478473956,Yes,Yes,No,2026-03-02 19:51
14,Joseph,Atieno,500003,joseph.atieno984@gmail.com,+25475535253,Yes,Yes,No,2026-03-02 19:51
15,Elizabeth,Chebet,500004,elizabeth.chebet560@gmail.com,+25479681310,Yes,Yes,No,2026-03-02 19:51
16,Collins,Ouma,500005,collins.ouma986@gmail.com,+25471273933,Yes,Yes,No,2026-03-02 19:51
17,Brian,Wafula,500006,brian.wafula782@gmail.com,+25471081871,Yes,Yes,No,2026-03-02 19:51
18,Brenda,Odero,500007,brenda.odero361@gmail.com,+25475261235,Yes,Yes,No,2026-03-02 19:51
19,John,Omondi,500008,john.omondi192@gmail.com,+25475273575,Yes,Yes,No,2026-03-02 19:52
20,Sarah,Kipchoge,500009,sarah.kipchoge57@gmail.com,+25473238590,Yes,Yes,No,2026-03-02 19:52
21,Sarah,Wanjiku,500010,sarah.wanjiku760@gmail.com,+25474292351,Yes,Yes,No,2026-03-02 19:52
22,Brenda,Mutua,500011,brenda.mutua301@gmail.com,+25479171791,Yes,Yes,No,2026-03-02 19:52
23,Irene,Omondi,500012,irene.omondi702@gmail.com,+25477345591,Yes,Yes,No,2026-03-02 19:52
24,Irene,Chebet,500013,irene.chebet12@gmail.com,+25472961034,Yes,Yes,No,2026-03-02 19:52
25,Sarah,Muli,500014,sarah.muli485@gmail.com,+25473886167,Yes,Yes,No,2026-03-02 19:52
26,Lucy,Wekesa,500015,lucy.wekesa923@gmail.com,+25479723369,Yes,Yes,No,2026-03-02 19:52
27,Caroline,Okoth,500016,caroline.okoth473@gmail.com,+25477712724,Yes,Yes,No,2026-03-02 19:52
28,Caroline,Mutua,500017,caroline.mutua138@gmail.com,+25478290244,Yes,Yes,No,2026-03-02 19:52
29,Peter,Omondi,500018,peter.omondi630@gmail.com,+25475257306,Yes,Yes,No,2026-03-02 19:52
30,John,Njeri,500019,john.njeri424@gmail.com,+25472249482,Yes,Yes,No,2026-03-02 19:52
31,Eric,Omondi,500020,eric.omondi1@gmail.com,+25479595085,Yes,Yes,No,2026-03-02 19:52
32,Elizabeth,Wekesa,500021,elizabeth.wekesa132@gmail.com,+25478023801,Yes,Yes,No,2026-03-02 19:52
33,Ann,Mwangi,500022,ann.mwangi348@gmail.com,+25471331369,Yes,Yes,No,2026-03-02 19:52
34,Patrick,Chebet,500023,patrick.chebet46@gmail.com,+25476542485,Yes,Yes,No,2026-03-02 19:52
35,Esther,Kariuki,500024,esther.kariuki266@gmail.com,+25478947395,Yes,Yes,No,2026-03-02 19:52
36,Sharon,Njeri,500025,sharon.njeri835@gmail.com,+25478874056,Yes,Yes,No,2026-03-02 19:52
37,James,Opiyo,500026,james.opiyo703@gmail.com,+25473202036,Yes,Yes,No,2026-03-02 19:52
38,Eric,Odhiambo,500027,eric.odhiambo358@gmail.com,+25472715922,Yes,Yes,No,2026-03-02 19:52
39,Alex,Omondi,500028,alex.omondi925@gmail.com,+25475878114,Yes,Yes,No,2026-03-02 19:52
40,Alex,Njeri,500029,alex.njeri82@gmail.com,+25479043740,Yes,Yes,No,2026-03-02 19:52
41,Elizabeth,Wanjiku,500030,elizabeth.wanjiku385@gmail.com,+25473737268,Yes,Yes,No,2026-03-02 19:52
42,Rose,Ouma,500031,rose.ouma862@gmail.com,+25476205106,Yes,Yes,No,2026-03-02 19:52
43,John,Mutua,500032,john.mutua643@gmail.com,+25472884184,Yes,Yes,No,2026-03-02 19:52
44,Eric,Chebet,500033,eric.chebet756@gmail.com,+25477600831,Yes,Yes,No,2026-03-02 19:52
45,Sharon,Opiyo,500034,sharon.opiyo798@gmail.com,+25478004081,Yes,Yes,No,2026-03-02 19:52
46,James,Wafula,500035,james.wafula756@gmail.com,+25472993151,Yes,Yes,No,2026-03-02 19:52
47,Sarah,Mutua,500036,sarah.mutua836@gmail.com,+25477346242,Yes,Yes,No,2026-03-02 19:52
48,David,Wekesa,500037,david.wekesa67@gmail.com,+25477963659,Yes,Yes,No,2026-03-02 19:52
49,Lucy,Awuor,500038,lucy.awuor132@gmail.com,+25475744529,Yes,Yes,No,2026-03-02 19:52
50,Rose,Njeri,500039,rose.njeri789@gmail.com,+25473955165,Yes,Yes,No,2026-03-02 19:52
51,Patrick,Odero,500040,patrick.odero181@gmail.com,+25475698417,Yes,Yes,No,2026-03-02 19:52
52,James,Wanjala,500041,james.wanjala478@gmail.com,+25474045999,Yes,Yes,No,2026-03-02 19:52
53,Michael,Kipchoge,500042,michael.kipchoge91@gmail.com,+25473185758,Yes,Yes,No,2026-03-02 19:52
54,Diana,Muli,500043,diana.muli929@gmail.com,+25474045283,Yes,Yes,No,2026-03-02 19:52
55,Elizabeth,Wanjiku,500044,elizabeth.wanjiku250@gmail.com,+25472474190,Yes,Yes,No,2026-03-02 19:52
56,Caroline,Odero,500045,caroline.odero145@gmail.com,+25475625916,Yes,Yes,No,2026-03-02 19:52
57,Diana,Ouma,500046,diana.ouma719@gmail.com,+25479448521,Yes,Yes,No,2026-03-02 19:52
58,Ann,Owuor,500047,ann.owuor857@gmail.com,+25473104040,Yes,Yes,No,2026-03-02 19:52
59,Diana,Otieno,500048,diana.otieno950@gmail.com,+25476136145,Yes,Yes,No,2026-03-02 19:52
60,Faith,Wekesa,500049,faith.wekesa558@gmail.com,+25474462550,Yes,Yes,No,2026-03-02 19:52
61,Kevin,Otieno,500050,kevin.otieno895@gmail.com,+25475097490,Yes,Yes,No,2026-03-02 19:52
62,Michael,Otieno,500051,michael.otieno454@gmail.com,+25477155301,Yes,Yes,No,2026-03-02 19:52
63,John,Opiyo,500052,john.opiyo873@gmail.com,+25477740050,Yes,Yes,No,2026-03-02 19:52
64,Eric,Ouma,500053,eric.ouma36@gmail.com,+25477263545,Yes,Yes,No,2026-03-02 19:52
65,Lucy,Ouma,500054,lucy.ouma360@gmail.com,+25474788934,Yes,Yes,No,2026-03-02 19:52
66,Patrick,Achieng,500055,patrick.achieng961@gmail.com,+25471313541,Yes,Yes,No,2026-03-02 19:52
67,Brian,Chebet,500056,brian.chebet709@gmail.com,+25477979023,Yes,Yes,No,2026-03-02 19:52
68,Joseph,Opiyo,500057,joseph.opiyo545@gmail.com,+25476093679,Yes,Yes,No,2026-03-02 19:52
69,Patrick,Awuor,500058,patrick.awuor915@gmail.com,+25473835362,Yes,Yes,No,2026-03-02 19:52
70,Catherine,Kipchoge,500059,catherine.kipchoge557@gmail.com,+25479002046,Yes,Yes,No,2026-03-02 19:52
71,Kevin,Awuor,500060,kevin.awuor531@gmail.com,+25476137719,Yes,Yes,No,2026-03-02 19:52
72,Alex,Wamalwa,500061,alex.wamalwa858@gmail.com,+25478109401,Yes,Yes,No,2026-03-02 19:52
73,James,Ouma,500062,james.ouma515@gmail.com,+25477537101,Yes,Yes,No,2026-03-02 19:52
74,Samuel,Kipchoge,500063,samuel.kipchoge982@gmail.com,+25473024123,Yes,Yes,No,2026-03-02 19:52
75,Mary,Awuor,500064,mary.awuor235@gmail.com,+25478386139,Yes,Yes,No,2026-03-02 19:52
76,Brenda,Akinyi,500065,brenda.akinyi218@gmail.com,+25475860274,Yes,Yes,No,2026-03-02 19:52
77,Sarah,Mwangi,500066,sarah.mwangi818@gmail.com,+25473900831,Yes,Yes,No,2026-03-02 19:52
78,Faith,Wanjiku,500067,faith.wanjiku771@gmail.com,+25475735922,Yes,Yes,No,2026-03-02 19:52
79,Diana,Kariuki,500068,diana.kariuki127@gmail.com,+25472396584,Yes,Yes,No,2026-03-02 19:52
80,Eric,Kipchoge,500069,eric.kipchoge26@gmail.com,+25472969920,Yes,Yes,No,2026-03-02 19:52
81,Brenda,Owuor,500070,brenda.owuor373@gmail.com,+25477304396,Yes,Yes,No,2026-03-02 19:52
82,John,Wafula,500071,john.wafula199@gmail.com,+25471061165,Yes,Yes,No,2026-03-02 19:52
83,Patrick,Owuor,500072,patrick.owuor188@gmail.com,+25478597583,Yes,Yes,No,2026-03-02 19:52
84,Brenda,Wafula,500073,brenda.wafula326@gmail.com,+25478293204,Yes,Yes,No,2026-03-02 19:52
85,Grace,Odero,500074,grace.odero420@gmail.com,+25479823889,Yes,Yes,No,2026-03-02 19:52
86,Eric,Mutua,500075,eric.mutua200@gmail.com,+25477483188,Yes,Yes,No,2026-03-02 19:52
87,Vincent,Okoth,500076,vincent.okoth109@gmail.com,+25473422021,Yes,Yes,No,2026-03-02 19:52
88,Eric,Owuor,500077,eric.owuor68@gmail.com,+25471371965,Yes,Yes,No,2026-03-02 19:52
89,Lucy,Omondi,500078,lucy.omondi745@gmail.com,+25474949409,Yes,Yes,No,2026-03-02 19:52
90,Ann,Mwangi,500079,ann.mwangi905@gmail.com,+25479153210,Yes,Yes,No,2026-03-02 19:52
91,Rose,Chebet,500080,rose.chebet127@gmail.com,+25478619894,Yes,Yes,No,2026-03-02 19:52
92,Vincent,Ouma,500081,vincent.ouma434@gmail.com,+25474426110,Yes,Yes,No,2026-03-02 19:52
93,Elizabeth,Mwangi,500082,elizabeth.mwangi761@gmail.com,+25472525516,Yes,Yes,No,2026-03-02 19:52
94,Brian,Chebet,500083,brian.chebet960@gmail.com,+25472925626,Yes,Yes,No,2026-03-02 19:52
95,Joseph,Odero,500084,joseph.odero250@gmail.com,+25478247076,Yes,Yes,No,2026-03-02 19:52
96,Daniel,Atieno,500085,daniel.atieno385@gmail.com,+25473031307,Yes,Yes,No,2026-03-02 19:52
97,Vincent,Onyango,500086,vincent.onyango985@gmail.com,+25479422836,Yes,Yes,No,2026-03-02 19:52
98,David,Njeri,500087,david.njeri475@gmail.com,+25473204231,Yes,Yes,No,2026-03-02 19:52
99,Caroline,Kariuki,500088,caroline.kariuki540@gmail.com,+25476663365,Yes,Yes,No,2026-03-02 19:52
100,David,Awuor,500089,david.awuor940@gmail.com,+25471449173,Yes,Yes,No,2026-03-02 19:52
101,Sarah,Mutua,500090,sarah.mutua301@gmail.com,+25471348544,Yes,Yes,No,2026-03-02 19:52
102,Peter,Muli,500091,peter.muli504@gmail.com,+25474332804,Yes,Yes,No,2026-03-02 19:52
103,Eric,Onyango,500092,eric.onyango944@gmail.com,+25475269232,Yes,Yes,No,2026-03-02 19:52
104,Patrick,Wamalwa,500093,patrick.wamalwa288@gmail.com,+25477298712,Yes,Yes,No,2026-03-02 19:52
105,Sharon,Onyango,500094,sharon.onyango286@gmail.com,+25471643956,Yes,Yes,No,2026-03-02 19:52
106,Vincent,Achieng,500095,vincent.achieng123@gmail.com,+25476325765,Yes,Yes,No,2026-03-02 19:52
107,Ann,Omondi,500096,ann.omondi571@gmail.com,+25472904643,Yes,Yes,No,2026-03-02 19:52
108,Ann,Wanjala,500097,ann.wanjala136@gmail.com,+25478579072,Yes,Yes,No,2026-03-02 19:52
109,Diana,Mutua,500098,diana.mutua150@gmail.com,+25476023236,Yes,Yes,No,2026-03-02 19:52
110,Lucy,Odero,500099,lucy.odero84@gmail.com,+25473477475,Yes,Yes,No,2026-03-02 19:52
111,Sarah,Atieno,500100,sarah.atieno613@gmail.com,+25473632073,Yes,Yes,Yes,2026-03-02 19:52
