ID,Email,First Name,Last Name,Phone,Account Number,Password Hash,Is Active,Is Verified,Created
295,tradingtravis7@gmail.com,nan,User,,500126,pbkdf2_sha256$1000000$p2u1LwpgE8I2lGkY8Hm9uC$lw9b+...,True,True,2026-03-15 09:45:31.957778+00:00
294,masoomzaheer10@gmail.com,Masoom,Zaheer,,500125,pbkdf2_sha256$1000000$BxUDYiGfvdB3d9so0JBVx0$Lq3B3...,True,True,2026-03-15 09:45:28.364691+00:00
293,waturendonyo0001@gmail.com,DJ,HQ,,500124,pbkdf2_sha256$1000000$wNssrhW93WKs412p60VEmU$3Q7J6...,True,True,2026-03-15 09:45:24.683933+00:00
292,mbecanyingi102@gmail.com,DJ,HQ,,500123,pbkdf2_sha256$1000000$A33H7FNdLGoJOouagZREgp$bI/8N...,True,True,2026-03-15 09:45:21.082501+00:00
291,sundaytee91@gmail.com,Tolulope,Sunday,,500122,pbkdf2_sha256$1000000$J9Gir7Y0ZhVve33k8oQXBN$GoxsI...,True,True,2026-03-15 09:45:17.433700+00:00
290,wairimujoy437@gmail.com,nan,User,,500121,pbkdf2_sha256$1000000$m8wPeBgSsmgRqMx4qqfldt$azxFs...,True,True,2026-03-15 09:45:13.606042+00:00
289,davisogush@gmail.com,nan,User,,500120,pbkdf2_sha256$1000000$rZlhPmZ3kinXL212N2wKvl$yffis...,True,True,2026-03-15 09:45:09.995763+00:00
288,bonfacemwasw@gmail.com,Bonface,mwangi,,500119,pbkdf2_sha256$1000000$sBLuaWVN9G6fKz7ezqWehB$FxDse...,True,True,2026-03-15 09:45:06.407607+00:00
287,tevinkimani3@gmail.com,nan,User,,500118,pbkdf2_sha256$1000000$iu55s5mkXOdiTbYjbzbgCD$HFFMf...,True,True,2026-03-15 09:45:02.824064+00:00
286,MrJohnson149@gmail.com,nan,User,,500117,pbkdf2_sha256$1000000$jn0GLA27TFizSAaeZoXgzI$5fOWs...,True,True,2026-03-15 09:44:59.225019+00:00
285,stevelagat455@gmail.com,nan,User,,500116,pbkdf2_sha256$1000000$WcI09hzvbLpFZrBfN1QM0c$XddFv...,True,True,2026-03-15 09:44:55.605799+00:00
284,Joelelmett@gmail.com,nan,User,,500115,pbkdf2_sha256$1000000$4xWBmBEu5DyeJ6HxCwu12R$Vfe5i...,True,True,2026-03-15 09:44:52.033455+00:00
283,mobilepearlcommunication@gmail.com,nan,User,,500114,pbkdf2_sha256$1000000$BsNCgSwdykBebvVY78381k$CkoxL...,True,True,2026-03-15 09:44:48.400042+00:00
282,joelelmett@yahoo.com,nan,User,,500113,pbkdf2_sha256$1000000$62dQG6pEDFMyCONlDkskO0$f720z...,True,True,2026-03-15 09:44:44.784671+00:00
281,wanguimargaret093@gmail.com,nan,User,,500112,pbkdf2_sha256$1000000$g309e6k9u6mcy53B5asPCG$sfzDp...,True,True,2026-03-15 09:44:41.125900+00:00
280,tradepillars0742@gmail.com,nan,User,,500111,pbkdf2_sha256$1000000$7fhu3MYDLCv6WFEUID6Byy$o52Ct...,True,True,2026-03-15 09:44:37.530163+00:00
279,innominatetrader1@gmail.com,Spallis,Official,,500110,pbkdf2_sha256$1000000$PFkiUGHtvlu2AxQlww8UfN$oPsOF...,True,True,2026-03-15 09:44:33.937672+00:00
278,spallisofficial2572@gmail.com,Spallis,Official,,500109,pbkdf2_sha256$1000000$fMmaQsWPVeu3fbUXPahd9d$BggIc...,True,True,2026-03-15 09:44:30.344474+00:00
277,spallis105@gmail.com,nan,User,,500108,pbkdf2_sha256$1000000$BdFZDTeTJNMJ1d01cTAErv$FVWFm...,True,True,2026-03-15 09:44:26.369841+00:00
276,manchamthrads@gmail.com,nan,User,,500107,pbkdf2_sha256$1000000$ojLF18sGmT1aUT9W5jIHe5$2v00z...,True,True,2026-03-15 09:44:22.782002+00:00
275,tradewise10@gmail.com,Guruz,Web,,500106,pbkdf2_sha256$1000000$KXwXKqan5cOTC56ps9Vlou$17yG4...,True,True,2026-03-15 09:44:18.934736+00:00
274,brayanne00@gmail.com,Mesh,Mwangi,,500105,pbkdf2_sha256$1000000$s9nxkvIlCoofSoMSA6cU9n$YE1Jh...,True,True,2026-03-15 09:44:15.141678+00:00
273,testuser@test.com,nan,User,,500104,pbkdf2_sha256$1000000$PDv0GqB0P1raopldQaxq5F$NUPFy...,True,True,2026-03-15 09:44:11.541835+00:00
272,brayanne80@gmail.com,Kijana,Mboka,,500103,pbkdf2_sha256$1000000$JbfONsBRbTXGMwFM41nUgU$JdK5Y...,True,True,2026-03-15 09:44:07.864247+00:00
271,winnienkatha010@gmail.com,Kijana,Mboka,,500102,pbkdf2_sha256$1000000$RduaSSBobRsGtaqKFtP1lu$AENGV...,True,True,2026-03-15 09:44:04.254885+00:00
243,kwanjohi393@gmail.com,nan,User,,5087,pbkdf2_sha256$1000000$BvgN88nuLy1eAmHM71pq8b$lSljV...,True,True,2026-03-15 09:39:18.268312+00:00
242,psinghkvk@gmail.com,Pushpendra,singh,,5086,pbkdf2_sha256$1000000$WOIkHYBTzF1mqMnOP1zN3h$duhq4...,True,True,2026-03-15 09:39:13.527983+00:00
241,annjoymumbi88@gmail.com,nan,User,,5085,pbkdf2_sha256$1000000$VtYm0wIgkV0HSjdyvEJZ0G$dzLjH...,True,True,2026-03-15 09:39:08.993725+00:00
240,Walcottham@gmail.com,nan,User,,5084,pbkdf2_sha256$1000000$vcBWzrvY4D8JadaKEfU6Wa$qRVzb...,True,True,2026-03-15 09:39:04.462393+00:00
239,Walcotthumphrey@gmail.com,nan,User,,5083,pbkdf2_sha256$1000000$yUdcqvJSAWKbrVCE5fY43p$HU5yi...,True,True,2026-03-15 09:38:59.927054+00:00
238,neemakimani2@gmail.com,nan,User,,5082,pbkdf2_sha256$1000000$s7BhjzCKEzlDCIDw89qiV6$cjsVE...,True,True,2026-03-15 09:38:55.342009+00:00
237,biwott907@gmail.com,Pam,Kosgei,,5081,pbkdf2_sha256$1000000$mqtk5Ny5x9N8inaSbJK1KG$d/e2+...,True,True,2026-03-15 09:38:50.825173+00:00
236,judah24.migwi@student.cuk.ac.ke,nan,User,,5080,pbkdf2_sha256$1000000$l1uoeRQLHwaLn2KU5kZm7H$5nPAw...,True,True,2026-03-15 09:38:46.300127+00:00
235,migwimucheke@gmail.com,nan,User,,5079,pbkdf2_sha256$1000000$OFHGlJWbUBD0m6GWtCnND5$FDqhy...,True,True,2026-03-15 09:38:41.752730+00:00
234,judahmigwi@icloud.com,Migwi,Elijah,,5078,pbkdf2_sha256$1000000$TJr9NFb0iLaZBKqLy2c8Xp$FHuJU...,True,True,2026-03-15 09:38:37.250879+00:00
233,wanzaloise65@gmail.com,nan,User,,5077,pbkdf2_sha256$1000000$3PTW7tEpqn65udDGhWk2Em$2X2Qe...,True,True,2026-03-15 09:38:32.664256+00:00
232,judahmucheke25@gmail.com,nan,User,,5076,pbkdf2_sha256$1000000$TeAKYqeIIMYbF4OzT9kKvE$rr/cW...,True,True,2026-03-15 09:38:28.102701+00:00
231,kimmuna440@gmail.com,nan,User,,5075,pbkdf2_sha256$1000000$kPdBliFd2VZoaC7lXtl4Jx$b0Bfq...,True,True,2026-03-15 09:38:23.530098+00:00
230,samwelongok88@gmail.com,nan,User,,5074,pbkdf2_sha256$1000000$jWmYwgbhYVi97COv400LbJ$4RDCI...,True,True,2026-03-15 09:38:18.903885+00:00
229,njugushlewis38@gmail.com,nan,User,,5073,pbkdf2_sha256$1000000$kPi1UOCsqhVgpVI04Yppqe$HOOR5...,True,True,2026-03-15 09:38:14.214423+00:00
228,mutuamose29@gmail.com,nan,User,,5072,pbkdf2_sha256$1000000$YQob6fZRNoJjmUhCh4Fx7X$ljvn+...,True,True,2026-03-15 09:38:09.696395+00:00
227,spallisofficial@gmail.com,nan,User,,5070,pbkdf2_sha256$1000000$8iTRyVAQwSkO3a4rwre70B$nqkdi...,True,True,2026-03-15 09:38:05.154329+00:00
226,burningsgeng6@gmail.com,nan,User,,5069,pbkdf2_sha256$1000000$Dnem9PHAtWlXkjA95Bbvcr$q7UXM...,True,True,2026-03-15 09:38:00.608915+00:00
225,tradingtravis238@gmail.com,nan,User,,5068,pbkdf2_sha256$1000000$KB7yCXuD7uURTwQESnRtXJ$alz12...,True,True,2026-03-15 09:37:56.027963+00:00
224,meshmwai8@gmail.com,nan,User,,5066,pbkdf2_sha256$1000000$mBp0qK7sAWRjeZ7440TKte$6l3h7...,True,True,2026-03-15 09:37:51.492024+00:00
223,manchamthreadz@gmail.com,nan,User,,5065,pbkdf2_sha256$1000000$qLVpjXhMG76BBMfk6RcQAv$1PLUe...,True,True,2026-03-15 09:37:46.918528+00:00
222,travismwangi47@gmail.com,nan,User,,5064,pbkdf2_sha256$1000000$kvu35l816jXQOatac0zL0J$2G/5K...,True,True,2026-03-15 09:37:42.165789+00:00
221,travismwangi47@gmail.vom,nan,User,,5063,pbkdf2_sha256$1000000$2qUK1xp7wBPqRT5ofj27Ws$DKN88...,True,True,2026-03-15 09:37:37.592395+00:00
220,monniemwangi@gmail.com,nan,User,,5062,pbkdf2_sha256$1000000$Q6IxEMXE4D3GbYw9NqDgMI$MXpFT...,True,True,2026-03-15 09:37:33.063880+00:00
219,skyjoy423@gmail.com,nan,User,,5061,pbkdf2_sha256$1000000$nzg9D9WYNMNmyVvomRufO4$jByOL...,True,True,2026-03-15 09:37:28.505161+00:00
218,meshmwai828@gmail.com,nan,User,,5060,pbkdf2_sha256$1000000$npx4yBhPGrKyVuX1x3A6Hw$I8coS...,True,True,2026-03-15 09:37:23.897111+00:00
217,meshmwang28@gmail.com,nan,User,,5059,pbkdf2_sha256$1000000$jXLomVyYtWOShpQWnBZDPV$lVinh...,True,True,2026-03-15 09:37:19.325680+00:00
216,Mrjohnson149@gmail.com,Johnson,Njoroge,,5058,pbkdf2_sha256$1000000$OPM0DKeUXDi7HqH6MeTrSw$MeyF9...,True,True,2026-03-15 09:37:14.655123+00:00
215,joewashiksos48@gmail.com,nan,User,,5057,pbkdf2_sha256$1000000$jIMTinFAEWdeFWgUm5SlJt$lQXeN...,True,True,2026-03-15 09:37:10.112724+00:00
214,hmwachaunga310@gmail.com,nan,User,,5056,pbkdf2_sha256$1000000$3PkdWPLnugbYlH2VIHsSK8$YRyGF...,True,True,2026-03-15 09:37:05.575036+00:00
213,njeripeninnah05@gmail.com,nan,User,,5055,pbkdf2_sha256$1000000$CqZm52i5OFZ5p8RG8sJr5e$fIub6...,True,True,2026-03-15 09:37:01.021962+00:00
212,ndirangud616@gmail.com,nan,User,,5054,pbkdf2_sha256$1000000$mZePzqMyJURlLa4uas3oJq$l4H+k...,True,True,2026-03-15 09:36:56.437776+00:00
211,rollinsdetrader@gmail.com,nan,User,,5053,pbkdf2_sha256$1000000$536tGz6cHGR1DStWKag9VH$bsyMO...,True,True,2026-03-15 09:36:51.857373+00:00
210,chegeallan372@gmail.com,nan,User,,5052,pbkdf2_sha256$1000000$ttVXe5FsYdD4cAxC1iYXMN$byQcM...,True,True,2026-03-15 09:36:47.296895+00:00
209,gathigiwachii@gmail.com,nan,User,,5051,pbkdf2_sha256$1000000$GPik1jGt4dHK83HcFfX0Yc$0lFmO...,True,True,2026-03-15 09:36:42.400170+00:00
208,thelanchamdevelers@gmail.com,nan,User,,5050,pbkdf2_sha256$1000000$BUfN31fSKBAGfEM0eFX4v8$JUh0R...,True,True,2026-03-15 09:36:37.842967+00:00
207,manchamdevelopers@gmail.com,Simon,Baker,,5049,pbkdf2_sha256$1000000$D7PXdGRcqnwOyFQsyrlfvD$XKWjz...,True,True,2026-03-15 09:36:33.110212+00:00
206,wairimujoy713@gmail.com,nan,User,,5048,pbkdf2_sha256$1000000$jm7vNJ3yM21NoSCn5HjN7F$lN6HN...,True,True,2026-03-15 09:36:28.579230+00:00
205,kamauhazel06@gmail.com,nan,User,,5047,pbkdf2_sha256$1000000$hvq6numVeOODNhsj43uH5V$F9VL3...,True,True,2026-03-15 09:36:24.015995+00:00
204,fwairimu967@gmail.com,nan,User,,5046,pbkdf2_sha256$1000000$x7yK3DGGiBBv8EaVHvVfqX$Urp5a...,True,True,2026-03-15 09:36:19.490486+00:00
203,smantanm@gmail.com,nan,User,,5045,pbkdf2_sha256$1000000$yRbyYXZRKHRM86r531uKHs$fFVVI...,True,True,2026-03-15 09:36:14.691594+00:00
202,njehaelius001@gmail.com,nan,User,,5044,pbkdf2_sha256$1000000$bMu9Vw4sneCgGmXwque0Ct$GfYPU...,True,True,2026-03-15 09:36:10.143318+00:00
201,gifyalyco@gmail.com,nan,User,,5043,pbkdf2_sha256$1000000$U5COWaypKdtLnjHlwZ3h2b$wx53q...,True,True,2026-03-15 09:36:05.609239+00:00
200,christophermaina435@gmail.com,Chris,Maina,,5042,pbkdf2_sha256$1000000$M2rqfSQ0tZTsKbbiHfVSUi$s/To9...,True,True,2026-03-15 09:36:01.075070+00:00
199,wexiekamau@gmail.com,nan,User,,5041,pbkdf2_sha256$1000000$poJCtgkk1qp6Jmdc8Qpdcj$CjE5c...,True,True,2026-03-15 09:35:56.511736+00:00
198,worldsuccess6@gmail.com,nan,User,,5040,pbkdf2_sha256$1000000$q56Ar4kuAokkOk288txImd$MCTbl...,True,True,2026-03-15 09:35:51.949100+00:00
197,wamburaruth6@gmail.com,nan,User,,5039,pbkdf2_sha256$1000000$01wmO9Vw7YqtnMN7408SRW$WQYj3...,True,True,2026-03-15 09:35:47.400216+00:00
196,muriithiharrison550@gmail.com,nan,User,,5038,pbkdf2_sha256$1000000$YJBwQZCt9Rpy2MMmQx0iYh$XgaA0...,True,True,2026-03-15 09:35:42.871545+00:00
195,derrickmutange@gmail.com,nan,User,,5037,pbkdf2_sha256$1000000$9ATNV5F1WA4yiX5sMg6SYh$FuRIq...,True,True,2026-03-15 09:35:38.275953+00:00
194,faithtweya31@gmail.com,nan,User,,5036,pbkdf2_sha256$1000000$vLfbEA50HLJC7KKjxQR3IC$EM1tw...,True,True,2026-03-15 09:35:33.732693+00:00
193,wrenzical@gmail.com,nan,User,,5035,pbkdf2_sha256$1000000$g41LmKyqSjpipflKAu29MB$cYlS9...,True,True,2026-03-15 09:35:29.091340+00:00
192,calvinnjuguna2@gmail.com,nan,User,,5034,pbkdf2_sha256$1000000$9LDXAnsGs1crTx2NWY73V6$nNzEH...,True,True,2026-03-15 09:35:23.214039+00:00
191,spartareagan8@gmail.com,nan,User,,5033,pbkdf2_sha256$1000000$bAg8tjFwM9ae0D9XaNxtYZ$pxu4T...,True,True,2026-03-15 09:35:18.248868+00:00
190,radicalsly08@gmail.com,nan,User,,5032,pbkdf2_sha256$1000000$i7d1IbZ0fsQAf1WQHs9x0A$5jnCh...,True,True,2026-03-15 09:35:13.434091+00:00
189,mwangilawrence321@gmail.com,nan,User,,5031,pbkdf2_sha256$1000000$ow9XjS7Ut7ePJbmRQZG5rQ$3Ri0v...,True,True,2026-03-15 09:35:08.890853+00:00
188,cashmin210@gmail.com,nan,User,,5030,pbkdf2_sha256$1000000$QBY7I3LxHNeqcimF5BidXY$Gg6BB...,True,True,2026-03-15 09:35:04.358848+00:00
187,vmwangi285@gmail.com,nan,User,,5029,pbkdf2_sha256$1000000$cbQKS2EGjWiNEMBpYl6yUf$zjRmV...,True,True,2026-03-15 09:34:59.785051+00:00
186,wachingaann@gmail.com,nan,User,,5028,pbkdf2_sha256$1000000$5IrH2U0NGdSivWqUXSsFGx$YQ5v4...,True,True,2026-03-15 09:34:55.151039+00:00
185,buno3154@gmail.com,nan,User,,5027,pbkdf2_sha256$1000000$wP1PPL5Y2WFetWfX1Y66xT$Sv4qH...,True,True,2026-03-15 09:34:50.603760+00:00
184,karanjarithopitallis@outlook.com,nan,User,,5026,pbkdf2_sha256$1000000$60YKEmW6dKtBSbxqHt6dWH$djyNn...,True,True,2026-03-15 09:34:46.055299+00:00
183,Kinoosimon0@gmail.com,nan,User,,5025,pbkdf2_sha256$1000000$KaKaxHRormfVo6xpWdBqlt$1SR85...,True,True,2026-03-15 09:34:41.472782+00:00
182,judahmigwi17@gmail.com,nan,User,,5024,pbkdf2_sha256$1000000$F5X3yLOMR1G7oXdW8uhnPn$uWxjm...,True,True,2026-03-15 09:34:36.914798+00:00
181,kylecloe20@gmail.com,nan,User,,5023,pbkdf2_sha256$1000000$MDMZ4vNzLhB3IALgDoeYuq$MPrdu...,True,True,2026-03-15 09:34:32.292750+00:00
180,olivercharnes@gmail.com,nan,User,,5022,pbkdf2_sha256$1000000$0yA8jjmm9OvljP8YotiEqt$p9dco...,True,True,2026-03-15 09:34:27.661314+00:00
179,jameskairumi2@gmail.com,nan,User,,5021,pbkdf2_sha256$1000000$TIxRUw3CMCpJ2dxWcK1VHo$T/mp6...,True,True,2026-03-15 09:34:23.055916+00:00
178,erickmutugi313@gmail.com,nan,User,,5020,pbkdf2_sha256$1000000$1149g3it660ONDIwLEldsb$nNaFN...,True,True,2026-03-15 09:34:18.518055+00:00
177,rechealmuru4@gmail.com,nan,User,,5019,pbkdf2_sha256$1000000$sox8wnuRMR2jhoVTgKCUnJ$XZv1a...,True,True,2026-03-15 09:34:13.521283+00:00
173,baraqavictor@gmail.com,nan,User,,5016,pbkdf2_sha256$1000000$qhUnm4DV7uqDjIvy4cp715$/Lkla...,True,True,2026-03-15 09:34:04.520244+00:00
151,eshmwang28@gmail.com,nan,User,,5017,pbkdf2_sha256$1000000$XUgd5ouMORh4xG4oiccenj$76jpf...,True,True,2026-03-15 09:33:29.328553+00:00
150,meshmwangi@gmail.com,nan,User,,5015,pbkdf2_sha256$1000000$D1UlfGwGqDl9cRzYRZ5x6Q$FzKDI...,True,True,2026-03-15 09:33:24.730475+00:00
149,baharihomske@gmail.com,nan,User,,5014,pbkdf2_sha256$1000000$5pR77kqchpMd0RHpwUgxZu$agq8a...,True,True,2026-03-15 09:33:20.186502+00:00
148,manchamthrds@gmail.com,nan,User,,5013,pbkdf2_sha256$1000000$6ZgHFlcqNMv00DtM8Xm118$Jvq55...,True,True,2026-03-15 09:33:15.528941+00:00
141,meshmwangi88@gmail.com,nan,User,,5010,pbkdf2_sha256$1000000$gtluxcK0lchAvI8lVbGOEk$zZhCT...,True,True,2026-03-15 09:33:02.349166+00:00
126,theofficialtradewise@gmail.com,Spallis,Donga,,5012,pbkdf2_sha256$1000000$QEcLMiGRKga8uo8ysxKihQ$0uhLQ...,True,True,2026-03-15 09:32:37.257871+00:00
125,rechealmburu4@gmail.com,Mesh,Mwangi,,5011,pbkdf2_sha256$1000000$11ttF7Uts8ZmQlCx4K4qz4$pOEk+...,True,True,2026-03-15 09:32:32.715261+00:00
115,3amyadah@gmail.com,3amyadah,Encounter,0115721877,500101,pbkdf2_sha256$600000$AFQj2HaCg8zHZBnVlfkgB9$EESDaJ...,True,True,2026-03-11 14:23:15.239816+00:00
112,sarahatieno613@gmail.com,Sarah,Atieno,+25473632073,500100,pbkdf2_sha256$1000000$bjkOLjr2HaCG3hiJr9hUeL$94maf...,True,True,2026-03-11 12:03:24.667063+00:00
111,lucyodero84@gmail.com,Lucy,Odero,+25473477475,500099,pbkdf2_sha256$1000000$IoyckQ5q6k1cEQzD0miDKd$ulGsH...,True,True,2026-03-11 12:03:20.826078+00:00
110,dianamutua150@gmail.com,Diana,Mutua,+25476023236,500098,pbkdf2_sha256$1000000$gdoJt0YLbX1JHPBLY6FNdX$RHW5X...,True,True,2026-03-11 12:03:16.890240+00:00
109,annwanjala136@gmail.com,Ann,Wanjala,+25478579072,500097,pbkdf2_sha256$1000000$BXth8MxCqTkJYzkq16abB2$NaPxh...,True,True,2026-03-11 12:03:13.042398+00:00
108,annomondi571@gmail.com,Ann,Omondi,+25472904643,500096,pbkdf2_sha256$1000000$C7fkQARbR17v4gAfn48RzR$RFBRp...,True,True,2026-03-11 12:03:08.735444+00:00
107,vincentachieng123@gmail.com,Vincent,Achieng,+25476325765,500095,pbkdf2_sha256$1000000$XF0FiERqrztvsdEh7d2KDh$45HgM...,True,True,2026-03-11 12:03:04.477932+00:00
106,sharononyango286@gmail.com,Sharon,Onyango,+25471643956,500094,pbkdf2_sha256$1000000$ZTjSws8eAIg2Dj7AZuxN4o$OFG2l...,True,True,2026-03-11 12:03:00.586760+00:00
105,patrickwamalwa288@gmail.com,Patrick,Wamalwa,+25477298712,500093,pbkdf2_sha256$1000000$JsvQ3Gjf9e7tUYLUMpkPPt$4y/Y4...,True,True,2026-03-11 12:02:55.903452+00:00
104,ericonyango944@gmail.com,Eric,Onyango,+25475269232,500092,pbkdf2_sha256$1000000$TUFtFyz3bZbgrQyVDE6Fe6$Kd3Mh...,True,True,2026-03-11 12:02:52.104787+00:00
103,petermuli504@gmail.com,Peter,Muli,+25474332804,500091,pbkdf2_sha256$1000000$XAveirIEpEaLSvjRUKevgj$vyeFj...,True,True,2026-03-11 12:02:47.514405+00:00
102,sarahmutua301@gmail.com,Sarah,Mutua,+25471348544,500090,pbkdf2_sha256$1000000$tLhuoEIymly1WfeydjnqY3$fJ52p...,True,True,2026-03-11 12:02:43.661979+00:00
101,davidawuor940@gmail.com,David,Awuor,+25471449173,500089,pbkdf2_sha256$1000000$AIyWDWFFBJuK4CFQ54Hc1m$U/LiK...,True,True,2026-03-11 12:02:39.819281+00:00
100,carolinekariuki540@gmail.com,Caroline,Kariuki,+25476663365,500088,pbkdf2_sha256$1000000$dpKvaeSfAw0igxvYzQEfLQ$28dVJ...,True,True,2026-03-11 12:02:35.973286+00:00
99,davidnjeri475@gmail.com,David,Njeri,+25473204231,500087,pbkdf2_sha256$1000000$rurGFAPCM9xzCj4gFmkBRf$Tklax...,True,True,2026-03-11 12:02:31.904870+00:00
98,vincentonyango985@gmail.com,Vincent,Onyango,+25479422836,500086,pbkdf2_sha256$1000000$DztBTHKW07m6fsxZ8ijO2S$rD93v...,True,True,2026-03-11 12:02:28.064363+00:00
97,danielatieno385@gmail.com,Daniel,Atieno,+25473031307,500085,pbkdf2_sha256$1000000$TSz5VC72hNSIBxoZidCK9L$Kc1oH...,True,True,2026-03-11 12:02:24.193867+00:00
96,josephodero250@gmail.com,Joseph,Odero,+25478247076,500084,pbkdf2_sha256$1000000$4BppO2wJqXx3PMBtzOPLa9$3Tty8...,True,True,2026-03-11 12:02:20.335750+00:00
95,brianchebet960@gmail.com,Brian,Chebet,+25472925626,500083,pbkdf2_sha256$1000000$yqR0TNqf5TD0QNVSKAHYiT$wH89z...,True,True,2026-03-11 12:02:16.479240+00:00
94,elizabethmwangi761@gmail.com,Elizabeth,Mwangi,+25472525516,500082,pbkdf2_sha256$1000000$Yx9L6Q5KLWU4CQTkHTtoLh$g7wMP...,True,True,2026-03-11 12:02:12.651320+00:00
93,vincentouma434@gmail.com,Vincent,Ouma,+25474426110,500081,pbkdf2_sha256$1000000$oxR7LvqVlV248jdEWxy78S$KV9T8...,True,True,2026-03-11 12:02:08.292288+00:00
92,rosechebet127@gmail.com,Rose,Chebet,+25478619894,500080,pbkdf2_sha256$1000000$neYgEQjber79Y5fCSiHMkm$LIdB/...,True,True,2026-03-11 12:02:04.459811+00:00
91,annmwangi905@gmail.com,Ann,Mwangi,+25479153210,500079,pbkdf2_sha256$1000000$ohThrb672mrWgjGyy5PKTk$PFpPn...,True,True,2026-03-11 12:02:00.546186+00:00
90,lucyomondi745@gmail.com,Lucy,Omondi,+25474949409,500078,pbkdf2_sha256$1000000$ssk75YBRZizkFsFpGSRBCu$qZoU1...,True,True,2026-03-11 12:01:56.182925+00:00
89,ericowuor68@gmail.com,Eric,Owuor,+25471371965,500077,pbkdf2_sha256$1000000$cUeJV3czdHdr2QklkPcblO$VtENX...,True,True,2026-03-11 12:01:52.328653+00:00
88,vincentokoth109@gmail.com,Vincent,Okoth,+25473422021,500076,pbkdf2_sha256$1000000$CX0nEHZc2LCrwH3jMTzBM4$dJLQd...,True,True,2026-03-11 12:01:48.466089+00:00
87,ericmutua200@gmail.com,Eric,Mutua,+25477483188,500075,pbkdf2_sha256$1000000$5xQ3k6ukuIIVNdTdYWLJky$YX0tL...,True,True,2026-03-11 12:01:44.594875+00:00
86,graceodero420@gmail.com,Grace,Odero,+25479823889,500074,pbkdf2_sha256$1000000$U7EEKR1rOEyGlVNOsHd31f$ssLh+...,True,True,2026-03-11 12:01:40.740189+00:00
85,brendawafula326@gmail.com,Brenda,Wafula,+25478293204,500073,pbkdf2_sha256$1000000$RgNYYL78X3fOohDDrpk5jI$k2s9a...,True,True,2026-03-11 12:01:36.873104+00:00
84,patrickowuor188@gmail.com,Patrick,Owuor,+25478597583,500072,pbkdf2_sha256$1000000$Cdsna3zqSS89p75mdjtTV2$obn0O...,True,True,2026-03-11 12:01:32.643474+00:00
83,johnwafula199@gmail.com,John,Wafula,+25471061165,500071,pbkdf2_sha256$1000000$PEyw4JzIdQ15pVXQ2jH1ms$YGeDq...,True,True,2026-03-11 12:01:28.802325+00:00
82,brendaowuor373@gmail.com,Brenda,Owuor,+25477304396,500070,pbkdf2_sha256$1000000$X1upcUUoIzNxKEtrDEAHGZ$HJnXL...,True,True,2026-03-11 12:01:24.900809+00:00
81,erickipchoge26@gmail.com,Eric,Kipchoge,+25472969920,500069,pbkdf2_sha256$1000000$HAtbJ7RgwDRB5t9449gF8G$sY5Cr...,True,True,2026-03-11 12:01:21.053036+00:00
80,dianakariuki127@gmail.com,Diana,Kariuki,+25472396584,500068,pbkdf2_sha256$1000000$bFG18zzjC5b2Q7tGNXnow6$+Rs+g...,True,True,2026-03-11 12:01:17.223182+00:00
79,faithwanjiku771@gmail.com,Faith,Wanjiku,+25475735922,500067,pbkdf2_sha256$1000000$LAAAI82T6ZzJW5UPHOjfLl$grXu9...,True,True,2026-03-11 12:01:13.351261+00:00
78,sarahmwangi818@gmail.com,Sarah,Mwangi,+25473900831,500066,pbkdf2_sha256$1000000$kzKwm2jJLW2eJ2T0QZUZCy$Zoye+...,True,True,2026-03-11 12:01:09.417304+00:00
77,brendaakinyi218@gmail.com,Brenda,Akinyi,+25475860274,500065,pbkdf2_sha256$1000000$LCUx1L90xLUzeJKApAq1hO$0oECX...,True,True,2026-03-11 12:01:05.535219+00:00
76,maryawuor235@gmail.com,Mary,Awuor,+25478386139,500064,pbkdf2_sha256$1000000$ud9QHXwsZbXx7J8KLrS4Q7$6DLBi...,True,True,2026-03-11 12:01:01.509947+00:00
75,samuelkipchoge982@gmail.com,Samuel,Kipchoge,+25473024123,500063,pbkdf2_sha256$1000000$uLx4R8OH0uATqvPMBwDZdM$o0eny...,True,True,2026-03-11 12:00:57.715295+00:00
74,jamesouma515@gmail.com,James,Ouma,+25477537101,500062,pbkdf2_sha256$1000000$riZWluddJo0AsRvNosS1qK$JHUxi...,True,True,2026-03-11 12:00:53.866908+00:00
73,alexwamalwa858@gmail.com,Alex,Wamalwa,+25478109401,500061,pbkdf2_sha256$1000000$JhnRFRLr4CfsYsB2XzMdXB$4g+w+...,True,True,2026-03-11 12:00:50.007938+00:00
72,kevinawuor531@gmail.com,Kevin,Awuor,+25476137719,500060,pbkdf2_sha256$1000000$Hti39nYtN2xAoyczYGWHgs$U0D6E...,True,True,2026-03-11 12:00:46.155192+00:00
71,catherinekipchoge557@gmail.com,Catherine,Kipchoge,+25479002046,500059,pbkdf2_sha256$1000000$Fb7Co7w2zkjnBn35Od4nAY$8r039...,True,True,2026-03-11 12:00:42.278730+00:00
70,patrickawuor915@gmail.com,Patrick,Awuor,+25473835362,500058,pbkdf2_sha256$1000000$O6l935dZ4hSrOuMsCLyFML$39Hwo...,True,True,2026-03-11 12:00:38.338298+00:00
69,josephopiyo545@gmail.com,Joseph,Opiyo,+25476093679,500057,pbkdf2_sha256$1000000$WdhNxF2eKvej5TBxgYcFNw$CmGOl...,True,True,2026-03-11 12:00:34.382475+00:00
68,brianchebet709@gmail.com,Brian,Chebet,+25477979023,500056,pbkdf2_sha256$1000000$uogGkkStKwcnqPfyeq8Cjq$Uf4HP...,True,True,2026-03-11 12:00:30.479912+00:00
67,patrickachieng961@gmail.com,Patrick,Achieng,+25471313541,500055,pbkdf2_sha256$1000000$AhxfXA3qIA5eE9gKo0kB6t$Vypaw...,True,True,2026-03-11 12:00:26.615397+00:00
66,lucyouma360@gmail.com,Lucy,Ouma,+25474788934,500054,pbkdf2_sha256$1000000$yrF1carNPv0LyCQkuRPDvU$Yj8xi...,True,True,2026-03-11 12:00:22.749825+00:00
65,ericouma36@gmail.com,Eric,Ouma,+25477263545,500053,pbkdf2_sha256$1000000$U5NMx4LKHXVIIajBHVLoLD$8VScE...,True,True,2026-03-11 12:00:18.903741+00:00
64,johnopiyo873@gmail.com,John,Opiyo,+25477740050,500052,pbkdf2_sha256$1000000$DjdsQfCcl8WFmQBXj8tDaH$DRV9R...,True,True,2026-03-11 12:00:15.066935+00:00
63,michaelotieno454@gmail.com,Michael,Otieno,+25477155301,500051,pbkdf2_sha256$1000000$V6tQNP4npqYaxlGs8Hs8K0$c7lhN...,True,True,2026-03-11 12:00:11.222074+00:00
62,kevinotieno895@gmail.com,Kevin,Otieno,+25475097490,500050,pbkdf2_sha256$1000000$c0RJEQvDXRfJgm0l5duVyt$wTIUz...,True,True,2026-03-11 12:00:07.363677+00:00
61,faithwekesa558@gmail.com,Faith,Wekesa,+25474462550,500049,pbkdf2_sha256$1000000$gjiThSsnXoHwEnTFlMER5E$5Jyed...,True,True,2026-03-11 12:00:03.445778+00:00
60,dianaotieno950@gmail.com,Diana,Otieno,+25476136145,500048,pbkdf2_sha256$1000000$S7KxuDPkCyxtUA6rQ3uv7r$JthxR...,True,True,2026-03-11 11:59:59.622639+00:00
59,annowuor857@gmail.com,Ann,Owuor,+25473104040,500047,pbkdf2_sha256$1000000$pVn7wXuy1lq4JQzy3zomiP$1CZqV...,True,True,2026-03-11 11:59:55.788420+00:00
58,dianaouma719@gmail.com,Diana,Ouma,+25479448521,500046,pbkdf2_sha256$1000000$t22sI6tR1RIcVoP6Trmv7W$xNGL3...,True,True,2026-03-11 11:59:51.981241+00:00
57,carolineodero145@gmail.com,Caroline,Odero,+25475625916,500045,pbkdf2_sha256$1000000$xCxIv0CYZQSGqKdg5UX3ww$GJ2h3...,True,True,2026-03-11 11:59:48.150005+00:00
56,elizabethwanjiku250@gmail.com,Elizabeth,Wanjiku,+25472474190,500044,pbkdf2_sha256$1000000$stks6noFzHOLfXW1nYJEWO$ZZzm2...,True,True,2026-03-11 11:59:43.204094+00:00
55,dianamuli929@gmail.com,Diana,Muli,+25474045283,500043,pbkdf2_sha256$1000000$KTH3EA1ATAcEJBZcUxG7st$PynzI...,True,True,2026-03-11 11:59:39.337395+00:00
54,michaelkipchoge91@gmail.com,Michael,Kipchoge,+25473185758,500042,pbkdf2_sha256$1000000$75iRjFlZDdzxpKxvZkkcD7$ZXKv3...,True,True,2026-03-11 11:59:35.473495+00:00
53,jameswanjala478@gmail.com,James,Wanjala,+25474045999,500041,pbkdf2_sha256$1000000$D94HtObIXoGVfKBOjzxaB4$oulsY...,True,True,2026-03-11 11:59:31.440456+00:00
52,patrickodero181@gmail.com,Patrick,Odero,+25475698417,500040,pbkdf2_sha256$1000000$qRNxivTBJlcXYUPIv5s0in$kwdQI...,True,True,2026-03-11 11:59:27.526047+00:00
51,rosenjeri789@gmail.com,Rose,Njeri,+25473955165,500039,pbkdf2_sha256$1000000$62903SvLWOqJOfuoMYsYnK$wXB3m...,True,True,2026-03-11 11:59:23.647800+00:00
50,lucyawuor132@gmail.com,Lucy,Awuor,+25475744529,500038,pbkdf2_sha256$1000000$jlipCuibxXJ2D4Z1cwHjMI$/z2/s...,True,True,2026-03-11 11:59:19.805415+00:00
49,davidwekesa67@gmail.com,David,Wekesa,+25477963659,500037,pbkdf2_sha256$1000000$ALx8loNchEoJaxkm6GDl7H$f8C6T...,True,True,2026-03-11 11:59:15.876970+00:00
48,sarahmutua836@gmail.com,Sarah,Mutua,+25477346242,500036,pbkdf2_sha256$1000000$SMLqu9HHtodW0H1ZL4WI4o$zrMVu...,True,True,2026-03-11 11:59:12.038002+00:00
47,jameswafula756@gmail.com,James,Wafula,+25472993151,500035,pbkdf2_sha256$1000000$zlcA0pAaHpRRKqokRma2Eo$g8VHj...,True,True,2026-03-11 11:59:08.189402+00:00
46,sharonopiyo798@gmail.com,Sharon,Opiyo,+25478004081,500034,pbkdf2_sha256$1000000$pQqrXbD9hPEUtIJ7GRpYoW$ALcIH...,True,True,2026-03-11 11:59:04.333156+00:00
45,ericchebet756@gmail.com,Eric,Chebet,+25477600831,500033,pbkdf2_sha256$1000000$AqT0acj9Fv9Zlkt41uxGOu$S056e...,True,True,2026-03-11 11:59:00.443029+00:00
44,johnmutua643@gmail.com,John,Mutua,+25472884184,500032,pbkdf2_sha256$1000000$V7zzkKE9EgZoj6DZUFvEru$jlTEQ...,True,True,2026-03-11 11:58:56.363523+00:00
43,roseouma862@gmail.com,Rose,Ouma,+25476205106,500031,pbkdf2_sha256$1000000$2XZqEchCA7px6fNZhE55cS$umxV+...,True,True,2026-03-11 11:58:52.106929+00:00
42,elizabethwanjiku385@gmail.com,Elizabeth,Wanjiku,+25473737268,500030,pbkdf2_sha256$1000000$Zm58KKXZOqXleNo5KnVQaK$qjQ7r...,True,True,2026-03-11 11:58:47.946689+00:00
41,alexnjeri82@gmail.com,Alex,Njeri,+25479043740,500029,pbkdf2_sha256$1000000$7qPSG0nOCzO6uPpKRLBvK9$wjkHx...,True,True,2026-03-11 11:58:44.101091+00:00
40,alexomondi925@gmail.com,Alex,Omondi,+25475878114,500028,pbkdf2_sha256$1000000$Ca2tip1IOrUYIgvrSeHtfs$Aty1E...,True,True,2026-03-11 11:58:40.243071+00:00
39,ericodhiambo358@gmail.com,Eric,Odhiambo,+25472715922,500027,pbkdf2_sha256$1000000$znyX1QsR8O8fH3kNLF4xXo$J9lV4...,True,True,2026-03-11 11:58:36.091915+00:00
38,jamesopiyo703@gmail.com,James,Opiyo,+25473202036,500026,pbkdf2_sha256$1000000$Dsh10ycveqdTz90TN3Efmb$wTBHg...,True,True,2026-03-11 11:58:31.990638+00:00
37,sharonnjeri835@gmail.com,Sharon,Njeri,+25478874056,500025,pbkdf2_sha256$1000000$ui7UGEsHntPVLqnivzyWT7$aQg2c...,True,True,2026-03-11 11:58:28.134831+00:00
36,estherkariuki266@gmail.com,Esther,Kariuki,+25478947395,500024,pbkdf2_sha256$1000000$eqL2TGH3TeptDQpl8XTTrs$koCsx...,True,True,2026-03-11 11:58:24.296674+00:00
35,patrickchebet46@gmail.com,Patrick,Chebet,+25476542485,500023,pbkdf2_sha256$1000000$1HQT99564mZQGSHjrZE7Nv$J7yY6...,True,True,2026-03-11 11:58:20.446097+00:00
34,annmwangi348@gmail.com,Ann,Mwangi,+25471331369,500022,pbkdf2_sha256$1000000$dIOa2IriKvIz4mR9sLSRVI$NZnLF...,True,True,2026-03-11 11:58:16.604988+00:00
33,elizabethwekesa132@gmail.com,Elizabeth,Wekesa,+25478023801,500021,pbkdf2_sha256$1000000$Aig4ce9ORrwwfx298pG74L$GN3ex...,True,True,2026-03-11 11:58:12.722985+00:00
32,ericomondi1@gmail.com,Eric,Omondi,+25479595085,500020,pbkdf2_sha256$1000000$hbwmRdy9owWcHZWEaa2VnP$uYJRd...,True,True,2026-03-11 11:58:08.855445+00:00
31,johnnjeri424@gmail.com,John,Njeri,+25472249482,500019,pbkdf2_sha256$1000000$AxSympCI1g5zd2Z83czlGV$pezHw...,True,True,2026-03-11 11:58:04.979065+00:00
30,peteromondi630@gmail.com,Peter,Omondi,+25475257306,500018,pbkdf2_sha256$1000000$3a1Rm0KhoCht9TltZ6vOnW$knfCi...,True,True,2026-03-11 11:58:00.826311+00:00
29,carolinemutua138@gmail.com,Caroline,Mutua,+25478290244,500017,pbkdf2_sha256$1000000$0WPRal9KmnmmITDLKjwAfT$/V+v4...,True,True,2026-03-11 11:57:56.937853+00:00
28,carolineokoth473@gmail.com,Caroline,Okoth,+25477712724,500016,pbkdf2_sha256$1000000$uWKgd4bnkPJXNWYPmzKtur$4Zoen...,True,True,2026-03-11 11:57:52.941551+00:00
27,lucywekesa923@gmail.com,Lucy,Wekesa,+25479723369,500015,pbkdf2_sha256$1000000$gS1vX7N4q8oZmTUB6c71GB$nFecY...,True,True,2026-03-11 11:57:49.133255+00:00
26,sarahmuli485@gmail.com,Sarah,Muli,+25473886167,500014,pbkdf2_sha256$1000000$5HP3gxolaOmiDEvGnAmeQ0$psWl4...,True,True,2026-03-11 11:57:45.334046+00:00
25,irenechebet12@gmail.com,Irene,Chebet,+25472961034,500013,pbkdf2_sha256$1000000$B2UVKcTrHnnMuTrDP9fyJ7$IjhBD...,True,True,2026-03-11 11:57:41.530359+00:00
24,ireneomondi702@gmail.com,Irene,Omondi,+25477345591,500012,pbkdf2_sha256$1000000$OOdT2yrXROV4XqEKgFZy5h$o5kOL...,True,True,2026-03-11 11:57:37.695434+00:00
23,brendamutua301@gmail.com,Brenda,Mutua,+25479171791,500011,pbkdf2_sha256$1000000$1acPzmzc2FRrZok2HIzRXr$JkNUS...,True,True,2026-03-11 11:57:33.845641+00:00
22,sarahwanjiku760@gmail.com,Sarah,Wanjiku,+25474292351,500010,pbkdf2_sha256$1000000$7kStEgmwhpyd4wSUPSs5QN$hc9KV...,True,True,2026-03-11 11:57:29.989085+00:00
21,sarahkipchoge57@gmail.com,Sarah,Kipchoge,+25473238590,500009,pbkdf2_sha256$1000000$DU0U19Z0Nlikf12OXBjnM3$gJNlk...,True,True,2026-03-11 11:57:25.725232+00:00
20,johnomondi192@gmail.com,John,Omondi,+25475273575,500008,pbkdf2_sha256$1000000$CBbOetHUoQPVfTzxE4UJp2$3olZj...,True,True,2026-03-11 11:57:21.879467+00:00
19,brendaodero361@gmail.com,Brenda,Odero,+25475261235,500007,pbkdf2_sha256$1000000$92HZSR5spakuomYDqqcBSq$CrEto...,True,True,2026-03-11 11:57:18.023073+00:00
18,brianwafula782@gmail.com,Brian,Wafula,+25471081871,500006,pbkdf2_sha256$1000000$U05kXtzuqRgaI4RNnDkp52$CVpPJ...,True,True,2026-03-11 11:57:14.169602+00:00
17,collinsouma986@gmail.com,Collins,Ouma,+25471273933,500005,pbkdf2_sha256$1000000$VTby2ROyxHcVQuy21mgSa3$Canpm...,True,True,2026-03-11 11:57:10.048366+00:00
16,elizabethchebet560@gmail.com,Elizabeth,Chebet,+25479681310,500004,pbkdf2_sha256$1000000$HSsGeSzCLHTISzETQ6aX1c$ES0Gd...,True,True,2026-03-11 11:57:06.197894+00:00
15,josephatieno984@gmail.com,Joseph,Atieno,+25475535253,500003,pbkdf2_sha256$1000000$zeXD7uDjORTBq4zRwROXNt$CNG7O...,True,True,2026-03-11 11:57:02.392926+00:00
14,faithatieno592@gmail.com,Faith,Atieno,+25478473956,500002,pbkdf2_sha256$1000000$1CEeD7ml7N8tGJAYHDrSWt$unW80...,True,True,2026-03-11 11:56:58.604858+00:00
13,alexchebet385@gmail.com,Alex,Chebet,+25479889223,500001,pbkdf2_sha256$1000000$Z7T1rtlc7FKqXGdSOx6oTj$p17Or...,True,True,2026-03-11 11:56:54.824972+00:00
12,system@tradewise.com,System,Admin,,500000,pbkdf2_sha256$1000000$6lYZV12SXKXOFvl64EUKjV$rUgDU...,True,False,2026-03-11 11:56:51.033274+00:00
11,tradewise010@gmail.com,Mesh,Mwangi,0728538660,5009,pbkdf2_sha256$1000000$3L7d5xzDbZLGxCWeNdHL1r$NBGxi...,True,False,2026-03-11 11:56:47.186000+00:00
10,manchamskools@gmail.com,Training,Web,0115721877,5008,pbkdf2_sha256$1000000$5Vv6BT24P2iNmJ6LBKR2Fu$EFCwq...,True,False,2026-03-11 11:56:43.275281+00:00
9,manchmdeveloers@gmail.com,Mkuu,Mwangi,0115721877,5007,pbkdf2_sha256$1000000$tijID8NloziwACm7m5Pnht$XoDNo...,True,False,2026-03-11 11:56:39.394764+00:00
8,baharihomeske@gmail.com,Mesh,Mpenda Haga,0115721877,5006,pbkdf2_sha256$1000000$1fv89k3kz5kqjfQLDkTb8O$YmU6v...,True,False,2026-03-11 11:56:35.539290+00:00
7,manchamthads@gmail.com,Mesh-Dev,Kingz,0115721877,5005,pbkdf2_sha256$1000000$ARJ8oAIMmKoQRz4vn3XwKa$MIrgI...,True,False,2026-03-11 11:56:31.563225+00:00
6,manchamthreds@gmail.com,Mesh-Dev,Kingz,0115721877,5004,pbkdf2_sha256$1000000$6LV5UrBbgmFeTUFZs84M0z$EoRsn...,True,False,2026-03-11 11:56:27.720939+00:00
5,manchamthreads@gmail.com,Spallis,Kinywero,0748092931,5003,pbkdf2_sha256$600000$qqqPVaFijFr7lMYb8bDBLI$KfjTHw...,True,True,2026-03-11 11:56:23.882662+00:00
4,brayanne800@gmail.com,Mesh,Mwangi,0728538660,5002,pbkdf2_sha256$1000000$pm2nmSh0Ja1SJ0XDi5Js4s$xc83b...,True,False,2026-03-11 11:56:20.012174+00:00
2,vinnieweibina@gmail.com,Bryan,Marwa,+254110731911,5001,pbkdf2_sha256$600000$ENsA3JgmVs7VJfhmZglJFY$BDDSCl...,True,True,2026-03-06 07:33:15.060863+00:00
1,meshmwangi828@gmail.com,Mesh,Kinyanjui,0115721877,5000,pbkdf2_sha256$600000$VCUEuu4dw4yHmWm9yZYdNL$p83Ib2...,True,True,2026-03-02 18:48:24.763585+00:00
